{"localized_object_annotations": [{"mid": "/m/06msq", "name": "Sculpture", "score": 0.7144676, "bounding_poly": {"normalized_vertices": [{"x": 0.2819792, "y": 0.21381782}, {"x": 0.7486616, "y": 0.21381782}, {"x": 0.7486616, "y": 0.77341455}, {"x": 0.2819792, "y": 0.77341455}]}}]}