{"localized_object_annotations": [{"mid": "/m/04kkgm", "name": "Bowl", "score": 0.94671804, "bounding_poly": {"normalized_vertices": [{"x": 0.17057906, "y": 0.3790669}, {"x": 0.77149755, "y": 0.3790669}, {"x": 0.77149755, "y": 0.7552178}, {"x": 0.17057906, "y": 0.7552178}]}}]}