{"localized_object_annotations": [{"mid": "/m/019sc6", "name": "Lighting", "score": 0.81761324, "bounding_poly": {"normalized_vertices": [{"x": 0.29036847, "y": 0.07282391}, {"x": 0.68456155, "y": 0.07282391}, {"x": 0.68456155, "y": 0.971462}, {"x": 0.29036847, "y": 0.971462}]}}]}