{"localized_object_annotations": [{"mid": "/m/01s105", "name": "Cabinetry", "score": 0.81209314, "bounding_poly": {"normalized_vertices": [{"x": 0.018435534, "y": 0.011099891}, {"x": 0.9888382, "y": 0.011099891}, {"x": 0.9888382, "y": 0.98143435}, {"x": 0.018435534, "y": 0.98143435}]}}]}