{"localized_object_annotations": [{"mid": "/m/06msq", "name": "Sculpture", "score": 0.8480943, "bounding_poly": {"normalized_vertices": [{"x": 0.33453336, "y": 0.18024512}, {"x": 0.63225925, "y": 0.18024512}, {"x": 0.63225925, "y": 0.7190283}, {"x": 0.33453336, "y": 0.7190283}]}}]}