{"localized_object_annotations": [{"mid": "/m/025nd", "name": "Christmas tree", "score": 0.6594365, "bounding_poly": {"normalized_vertices": [{"x": 0.5538651, "y": 0.1574026}, {"x": 0.97300774, "y": 0.1574026}, {"x": 0.97300774, "y": 0.93090034}, {"x": 0.5538651, "y": 0.93090034}]}}]}