{"localized_object_annotations": [{"mid": "/m/0c9ph5", "name": "Flower", "score": 0.9295758, "bounding_poly": {"normalized_vertices": [{"x": 0.28848782, "y": 0.28287742}, {"x": 0.6995366, "y": 0.28287742}, {"x": 0.6995366, "y": 0.88791513}, {"x": 0.28848782, "y": 0.88791513}]}}]}