{"localized_object_annotations": [{"mid": "/m/02dl1y", "name": "Hat", "score": 0.54349846, "bounding_poly": {"normalized_vertices": [{"x": 0.011479862, "y": 0.02952187}, {"x": 0.9932353, "y": 0.02952187}, {"x": 0.9932353, "y": 0.9849635}, {"x": 0.011479862, "y": 0.9849635}]}}]}