{"localized_object_annotations": [{"mid": "/m/0c9ph5", "name": "Flower", "score": 0.5960074, "bounding_poly": {"normalized_vertices": [{"x": 0.113781236, "y": 0.33440146}, {"x": 0.33433577, "y": 0.33440146}, {"x": 0.33433577, "y": 0.46166396}, {"x": 0.113781236, "y": 0.46166396}]}}]}