{"localized_object_annotations": [{"mid": "/j/5qg9b8", "name": "Packaged goods", "score": 0.8344837, "bounding_poly": {"normalized_vertices": [{"x": 0.051815316, "y": 0.115154214}, {"x": 0.99445456, "y": 0.115154214}, {"x": 0.99445456, "y": 0.9848134}, {"x": 0.051815316, "y": 0.9848134}]}}]}