{"localized_object_annotations": [{"mid": "/m/0d4v4", "name": "Window", "score": 0.7667921, "bounding_poly": {"normalized_vertices": [{"x": 0.5937808, "y": 0.21335943}, {"x": 0.8309553, "y": 0.21335943}, {"x": 0.8309553, "y": 0.43570808}, {"x": 0.5937808, "y": 0.43570808}]}}]}