{"localized_object_annotations": [{"mid": "/m/06msq", "name": "Sculpture", "score": 0.64959705, "bounding_poly": {"normalized_vertices": [{"x": 0.45166615, "y": 0.43276426}, {"x": 0.5740733, "y": 0.43276426}, {"x": 0.5740733, "y": 0.6484441}, {"x": 0.45166615, "y": 0.6484441}]}}]}