{"localized_object_annotations": [{"mid": "/m/019sc6", "name": "Lighting", "score": 0.7074302, "bounding_poly": {"normalized_vertices": [{"x": 0.3846837, "y": 0.061041404}, {"x": 0.60798067, "y": 0.061041404}, {"x": 0.60798067, "y": 0.31868982}, {"x": 0.3846837, "y": 0.31868982}]}}]}