{"localized_object_annotations": [{"mid": "/m/06msq", "name": "Sculpture", "score": 0.5218384, "bounding_poly": {"normalized_vertices": [{"x": 0.2267012, "y": 0.37514272}, {"x": 0.3533086, "y": 0.37514272}, {"x": 0.3533086, "y": 0.5607425}, {"x": 0.2267012, "y": 0.5607425}]}}]}