{"localized_object_annotations": [{"mid": "/m/05s2s", "name": "Plant", "score": 0.5063135, "bounding_poly": {"normalized_vertices": [{"x": 0.089061566, "y": 0.56447643}, {"x": 0.9534164, "y": 0.56447643}, {"x": 0.9534164, "y": 0.9813728}, {"x": 0.089061566, "y": 0.9813728}]}}]}