{"localized_object_annotations": [{"mid": "/m/019sc6", "name": "Lighting", "score": 0.66664654, "bounding_poly": {"normalized_vertices": [{"x": 0.25695616, "y": 0.24932925}, {"x": 0.6748603, "y": 0.24932925}, {"x": 0.6748603, "y": 0.9600529}, {"x": 0.25695616, "y": 0.9600529}]}}]}