{"localized_object_annotations": [{"mid": "/m/02dl1y", "name": "Hat", "score": 0.54653275, "bounding_poly": {"normalized_vertices": [{"x": 0.008241712, "y": 0.011712369}, {"x": 0.9900536, "y": 0.011712369}, {"x": 0.9900536, "y": 0.9591653}, {"x": 0.008241712, "y": 0.9591653}]}}]}