{"localized_object_annotations": [{"mid": "/m/0jbk", "name": "Animal", "score": 0.64340305, "bounding_poly": {"normalized_vertices": [{"x": 0.21903276, "y": 0.4203073}, {"x": 0.508933, "y": 0.4203073}, {"x": 0.508933, "y": 0.82373947}, {"x": 0.21903276, "y": 0.82373947}]}}]}