{"localized_object_annotations": [{"mid": "/m/0k4j", "name": "Car", "score": 0.6876755, "bounding_poly": {"normalized_vertices": [{"x": 0.4655081, "y": 0.08257182}, {"x": 0.7237177, "y": 0.08257182}, {"x": 0.7237177, "y": 0.14673348}, {"x": 0.4655081, "y": 0.14673348}]}}]}