{"localized_object_annotations": [{"mid": "/m/02dgv", "name": "Door", "score": 0.7438953, "bounding_poly": {"normalized_vertices": [{"x": 0.32612327, "y": 0.21996248}, {"x": 0.6327232, "y": 0.21996248}, {"x": 0.6327232, "y": 0.8922346}, {"x": 0.32612327, "y": 0.8922346}]}}]}