{"localized_object_annotations": [{"mid": "/m/0c9ph5", "name": "Flower", "score": 0.6862597, "bounding_poly": {"normalized_vertices": [{"x": 0.27308473, "y": 0.33347774}, {"x": 0.36359826, "y": 0.33347774}, {"x": 0.36359826, "y": 0.56905544}, {"x": 0.27308473, "y": 0.56905544}]}}]}