{"localized_object_annotations": [{"mid": "/m/0cvnqh", "name": "Bench", "score": 0.73022544, "bounding_poly": {"normalized_vertices": [{"x": 0.2217362, "y": 0.61484337}, {"x": 0.78747076, "y": 0.61484337}, {"x": 0.78747076, "y": 0.79016614}, {"x": 0.2217362, "y": 0.79016614}]}}]}