{"localized_object_annotations": [{"mid": "/j/5qg9b8", "name": "Packaged goods", "score": 0.7976678, "bounding_poly": {"normalized_vertices": [{"x": 0.0074000265, "y": 0.020993553}, {"x": 0.9936561, "y": 0.020993553}, {"x": 0.9936561, "y": 0.91157466}, {"x": 0.0074000265, "y": 0.91157466}]}}]}