{"localized_object_annotations": [{"mid": "/m/01g317", "name": "Person", "score": 0.5465817, "bounding_poly": {"normalized_vertices": [{"x": 0.8724749, "y": 0.37678123}, {"x": 0.97213095, "y": 0.37678123}, {"x": 0.97213095, "y": 0.5221389}, {"x": 0.8724749, "y": 0.5221389}]}}]}