{"localized_object_annotations": [{"mid": "/m/0cvnqh", "name": "Bench", "score": 0.83920264, "bounding_poly": {"normalized_vertices": [{"x": 0.22380066, "y": 0.44055405}, {"x": 0.502202, "y": 0.44055405}, {"x": 0.502202, "y": 0.6107685}, {"x": 0.22380066, "y": 0.6107685}]}}]}