{"localized_object_annotations": [{"mid": "/m/02dl1y", "name": "Hat", "score": 0.6044767, "bounding_poly": {"normalized_vertices": [{"x": 0.016217625, "y": 0.020841392}, {"x": 0.98597354, "y": 0.020841392}, {"x": 0.98597354, "y": 0.988916}, {"x": 0.016217625, "y": 0.988916}]}}]}