{"localized_object_annotations": [{"mid": "/m/0c9ph5", "name": "Flower", "score": 0.77082527, "bounding_poly": {"normalized_vertices": [{"x": 0.120063476, "y": 0.22227801}, {"x": 0.22782157, "y": 0.22227801}, {"x": 0.22782157, "y": 0.37146243}, {"x": 0.120063476, "y": 0.37146243}]}}]}