{"localized_object_annotations": [{"mid": "/m/01mzpv", "name": "Chair", "score": 0.54063815, "bounding_poly": {"normalized_vertices": [{"x": 0.47979602, "y": 0.36811015}, {"x": 0.6186891, "y": 0.36811015}, {"x": 0.6186891, "y": 0.5304592}, {"x": 0.47979602, "y": 0.5304592}]}}]}