{"localized_object_annotations": [{"mid": "/m/03jm5", "name": "House", "score": 0.8653348, "bounding_poly": {"normalized_vertices": [{"x": 0.33716837, "y": 0.21575163}, {"x": 0.9812658, "y": 0.21575163}, {"x": 0.9812658, "y": 0.65266764}, {"x": 0.33716837, "y": 0.65266764}]}}]}