{"localized_object_annotations": [{"mid": "/m/0c9ph5", "name": "Flower", "score": 0.64937013, "bounding_poly": {"normalized_vertices": [{"x": 0.026574517, "y": 0.32304218}, {"x": 0.9828424, "y": 0.32304218}, {"x": 0.9828424, "y": 0.97453153}, {"x": 0.026574517, "y": 0.97453153}]}}]}