{"localized_object_annotations": [{"mid": "/m/03fp41", "name": "Houseplant", "score": 0.72327334, "bounding_poly": {"normalized_vertices": [{"x": 0.22913666, "y": 0.114964515}, {"x": 0.9202772, "y": 0.114964515}, {"x": 0.9202772, "y": 0.9063606}, {"x": 0.22913666, "y": 0.9063606}]}}]}