{"localized_object_annotations": [{"mid": "/m/02dl1y", "name": "Hat", "score": 0.5769935, "bounding_poly": {"normalized_vertices": [{"y": 0.016392851}, {"x": 0.9880181, "y": 0.016392851}, {"x": 0.9880181, "y": 0.9903433}, {"y": 0.9903433}]}}]}