{"localized_object_annotations": [{"mid": "/m/0220r2", "name": "Fountain", "score": 0.73324883, "bounding_poly": {"normalized_vertices": [{"x": 0.3277628, "y": 0.36464456}, {"x": 0.56221455, "y": 0.36464456}, {"x": 0.56221455, "y": 0.65979254}, {"x": 0.3277628, "y": 0.65979254}]}}]}