{"localized_object_annotations": [{"mid": "/m/0220r2", "name": "Fountain", "score": 0.7767625, "bounding_poly": {"normalized_vertices": [{"x": 0.44207475, "y": 0.27292886}, {"x": 0.667418, "y": 0.27292886}, {"x": 0.667418, "y": 0.6012462}, {"x": 0.44207475, "y": 0.6012462}]}}]}