{"localized_object_annotations": [{"mid": "/m/0d4v4", "name": "Window", "score": 0.8306322, "bounding_poly": {"normalized_vertices": [{"x": 0.76758367, "y": 0.3528945}, {"x": 0.9347618, "y": 0.3528945}, {"x": 0.9347618, "y": 0.56695956}, {"x": 0.76758367, "y": 0.56695956}]}}]}