{"localized_object_annotations": [{"mid": "/m/0jbk", "name": "Animal", "score": 0.5983387, "bounding_poly": {"normalized_vertices": [{"x": 0.03671257, "y": 0.7692647}, {"x": 0.16685553, "y": 0.7692647}, {"x": 0.16685553, "y": 0.87774515}, {"x": 0.03671257, "y": 0.87774515}]}}]}