{"localized_object_annotations": [{"mid": "/m/0dftk", "name": "Swan", "score": 0.9142385, "bounding_poly": {"normalized_vertices": [{"x": 0.22150432, "y": 0.36098668}, {"x": 0.60379845, "y": 0.36098668}, {"x": 0.60379845, "y": 0.84835243}, {"x": 0.22150432, "y": 0.84835243}]}}]}