{"localized_object_annotations": [{"mid": "/m/0jbk", "name": "Animal", "score": 0.63274217, "bounding_poly": {"normalized_vertices": [{"x": 0.40647936, "y": 0.14946412}, {"x": 0.4863197, "y": 0.14946412}, {"x": 0.4863197, "y": 0.30552304}, {"x": 0.40647936, "y": 0.30552304}]}}]}