{"localized_object_annotations": [{"mid": "/m/0jbk", "name": "Animal", "score": 0.60922706, "bounding_poly": {"normalized_vertices": [{"x": 0.33075443, "y": 0.20160477}, {"x": 0.54225546, "y": 0.20160477}, {"x": 0.54225546, "y": 0.27873465}, {"x": 0.33075443, "y": 0.27873465}]}}]}