{"localized_object_annotations": [{"mid": "/m/0cgh4", "name": "Building", "score": 0.5456809, "bounding_poly": {"normalized_vertices": [{"x": 0.028092498, "y": 0.15054771}, {"x": 0.36024937, "y": 0.15054771}, {"x": 0.36024937, "y": 0.49507618}, {"x": 0.028092498, "y": 0.49507618}]}}]}