{"localized_object_annotations": [{"mid": "/m/03fp41", "name": "Houseplant", "score": 0.54458123, "bounding_poly": {"normalized_vertices": [{"x": 0.2573397, "y": 0.05252636}, {"x": 0.70357513, "y": 0.05252636}, {"x": 0.70357513, "y": 0.9661216}, {"x": 0.2573397, "y": 0.9661216}]}}]}