{"localized_object_annotations": [{"mid": "/m/03fp41", "name": "Houseplant", "score": 0.6140094, "bounding_poly": {"normalized_vertices": [{"x": 0.81312776, "y": 0.013209395}, {"x": 0.9315916, "y": 0.013209395}, {"x": 0.9315916, "y": 0.19195455}, {"x": 0.81312776, "y": 0.19195455}]}}]}