{"localized_object_annotations": [{"mid": "/m/03fp41", "name": "Houseplant", "score": 0.7704753, "bounding_poly": {"normalized_vertices": [{"x": 0.25781772, "y": 0.09571598}, {"x": 0.6678702, "y": 0.09571598}, {"x": 0.6678702, "y": 0.93900317}, {"x": 0.25781772, "y": 0.93900317}]}}]}