{"localized_object_annotations": [{"mid": "/m/03fp41", "name": "Houseplant", "score": 0.6748781, "bounding_poly": {"normalized_vertices": [{"x": 0.0940529, "y": 0.2411713}, {"x": 0.4728625, "y": 0.2411713}, {"x": 0.4728625, "y": 0.90875936}, {"x": 0.0940529, "y": 0.90875936}]}}]}