{"localized_object_annotations": [{"mid": "/m/01llx7", "name": "Bracelet", "score": 0.85191965, "bounding_poly": {"normalized_vertices": [{"x": 0.055948984, "y": 0.3090118}, {"x": 0.92825276, "y": 0.3090118}, {"x": 0.92825276, "y": 0.79466796}, {"x": 0.055948984, "y": 0.79466796}]}}]}