{"localized_object_annotations": [{"mid": "/m/0fqt361", "name": "Stool", "score": 0.55328745, "bounding_poly": {"normalized_vertices": [{"x": 0.10203135, "y": 0.042326923}, {"x": 0.8955205, "y": 0.042326923}, {"x": 0.8955205, "y": 0.97931385}, {"x": 0.10203135, "y": 0.97931385}]}}]}