{"localized_object_annotations": [{"mid": "/m/02dl1y", "name": "Hat", "score": 0.9430993, "bounding_poly": {"normalized_vertices": [{"x": 0.039202496, "y": 0.060380552}, {"x": 0.9340627, "y": 0.060380552}, {"x": 0.9340627, "y": 0.94285655}, {"x": 0.039202496, "y": 0.94285655}]}}]}