{"localized_object_annotations": [{"mid": "/m/0kmg4", "name": "Teddy bear", "score": 0.9379661, "bounding_poly": {"normalized_vertices": [{"x": 0.24015754, "y": 0.11758861}, {"x": 0.72985965, "y": 0.11758861}, {"x": 0.72985965, "y": 0.731501}, {"x": 0.24015754, "y": 0.731501}]}}]}