{"localized_object_annotations": [{"mid": "/m/06z37_", "name": "Picture frame", "score": 0.78374803, "bounding_poly": {"normalized_vertices": [{"x": 0.22473525, "y": 0.19582914}, {"x": 0.7410984, "y": 0.19582914}, {"x": 0.7410984, "y": 0.8428355}, {"x": 0.22473525, "y": 0.8428355}]}}]}