{"localized_object_annotations": [{"mid": "/m/0c9ph5", "name": "Flower", "score": 0.9141727, "bounding_poly": {"normalized_vertices": [{"x": 0.2861128, "y": 0.14897732}, {"x": 0.5709863, "y": 0.14897732}, {"x": 0.5709863, "y": 0.67406017}, {"x": 0.2861128, "y": 0.67406017}]}}]}