{"localized_object_annotations": [{"mid": "/m/0c_jw", "name": "Furniture", "score": 0.61150646, "bounding_poly": {"normalized_vertices": [{"x": 0.006323189, "y": 0.0759332}, {"x": 0.10990363, "y": 0.0759332}, {"x": 0.10990363, "y": 0.27403188}, {"x": 0.006323189, "y": 0.27403188}]}}]}