{"localized_object_annotations": [{"mid": "/m/0fm3zh", "name": "Flowerpot", "score": 0.5980221, "bounding_poly": {"normalized_vertices": [{"x": 0.17543812, "y": 0.59434587}, {"x": 0.8289928, "y": 0.59434587}, {"x": 0.8289928, "y": 0.986684}, {"x": 0.17543812, "y": 0.986684}]}}]}