{"localized_object_annotations": [{"mid": "/m/01yx86", "name": "Bronze sculpture", "score": 0.9126764, "bounding_poly": {"normalized_vertices": [{"x": 0.24259906, "y": 0.35181773}, {"x": 0.46721128, "y": 0.35181773}, {"x": 0.46721128, "y": 0.6922099}, {"x": 0.24259906, "y": 0.6922099}]}}]}