{"localized_object_annotations": [{"mid": "/m/0fm3zh", "name": "Flowerpot", "score": 0.7016648, "bounding_poly": {"normalized_vertices": [{"x": 0.6121867, "y": 0.81250125}, {"x": 0.7131512, "y": 0.81250125}, {"x": 0.7131512, "y": 0.9479463}, {"x": 0.6121867, "y": 0.9479463}]}}]}