{"localized_object_annotations": [{"mid": "/m/0c9ph5", "name": "Flower", "score": 0.93105996, "bounding_poly": {"normalized_vertices": [{"x": 0.07064759, "y": 0.10924334}, {"x": 0.9166892, "y": 0.10924334}, {"x": 0.9166892, "y": 0.97494394}, {"x": 0.07064759, "y": 0.97494394}]}}]}