{"localized_object_annotations": [{"mid": "/m/03fp41", "name": "Houseplant", "score": 0.65183806, "bounding_poly": {"normalized_vertices": [{"x": 0.10693253, "y": 0.14307809}, {"x": 0.5981542, "y": 0.14307809}, {"x": 0.5981542, "y": 0.7695978}, {"x": 0.10693253, "y": 0.7695978}]}}]}