{"localized_object_annotations": [{"mid": "/m/054_l", "name": "Mirror", "score": 0.93390495, "bounding_poly": {"normalized_vertices": [{"x": 0.38267437, "y": 0.099217765}, {"x": 0.7066038, "y": 0.099217765}, {"x": 0.7066038, "y": 0.9761975}, {"x": 0.38267437, "y": 0.9761975}]}}]}