{"localized_object_annotations": [{"mid": "/m/03fp41", "name": "Houseplant", "score": 0.58424443, "bounding_poly": {"normalized_vertices": [{"x": 0.6636027, "y": 0.08698616}, {"x": 0.80848503, "y": 0.08698616}, {"x": 0.80848503, "y": 0.2735816}, {"x": 0.6636027, "y": 0.2735816}]}}]}