{"localized_object_annotations": [{"mid": "/m/0fqt361", "name": "Stool", "score": 0.74355996, "bounding_poly": {"normalized_vertices": [{"x": 0.027761394, "y": 0.017857596}, {"x": 0.8131427, "y": 0.017857596}, {"x": 0.8131427, "y": 0.9282314}, {"x": 0.027761394, "y": 0.9282314}]}}]}