{"localized_object_annotations": [{"mid": "/m/083wq", "name": "Wheel", "score": 0.52908415, "bounding_poly": {"normalized_vertices": [{"x": 0.28876415, "y": 0.12506242}, {"x": 0.39496422, "y": 0.12506242}, {"x": 0.39496422, "y": 0.2782787}, {"x": 0.28876415, "y": 0.2782787}]}}]}