{"localized_object_annotations": [{"mid": "/m/09kx5", "name": "Deer", "score": 0.79011446, "bounding_poly": {"normalized_vertices": [{"x": 0.27089003, "y": 0.17677327}, {"x": 0.67388034, "y": 0.17677327}, {"x": 0.67388034, "y": 0.9174693}, {"x": 0.27089003, "y": 0.9174693}]}}]}