{"localized_object_annotations": [{"mid": "/m/0cgh4", "name": "Building", "score": 0.5865328, "bounding_poly": {"normalized_vertices": [{"x": 0.5846107, "y": 0.016207458}, {"x": 0.98673517, "y": 0.016207458}, {"x": 0.98673517, "y": 0.27974427}, {"x": 0.5846107, "y": 0.27974427}]}}]}