{"localized_object_annotations": [{"mid": "/m/0220r2", "name": "Fountain", "score": 0.73029876, "bounding_poly": {"normalized_vertices": [{"x": 0.05209853, "y": 0.10576897}, {"x": 0.9432311, "y": 0.10576897}, {"x": 0.9432311, "y": 0.97620106}, {"x": 0.05209853, "y": 0.97620106}]}}]}