{"localized_object_annotations": [{"mid": "/m/01g317", "name": "Person", "score": 0.8282502, "bounding_poly": {"normalized_vertices": [{"x": 0.27626142, "y": 0.5315375}, {"x": 0.33103997, "y": 0.5315375}, {"x": 0.33103997, "y": 0.72550005}, {"x": 0.27626142, "y": 0.72550005}]}}]}