{"localized_object_annotations": [{"mid": "/m/03fp41", "name": "Houseplant", "score": 0.6806544, "bounding_poly": {"normalized_vertices": [{"x": 0.046162754, "y": 0.63451767}, {"x": 0.1443866, "y": 0.63451767}, {"x": 0.1443866, "y": 0.771091}, {"x": 0.046162754, "y": 0.771091}]}}]}