{"localized_object_annotations": [{"mid": "/m/0c_jw", "name": "Furniture", "score": 0.5286558, "bounding_poly": {"normalized_vertices": [{"x": 0.6465195, "y": 0.45540264}, {"x": 0.9283721, "y": 0.45540264}, {"x": 0.9283721, "y": 0.6984704}, {"x": 0.6465195, "y": 0.6984704}]}}]}