{"localized_object_annotations": [{"mid": "/m/03jm5", "name": "House", "score": 0.504863, "bounding_poly": {"normalized_vertices": [{"x": 0.0058272923, "y": 0.0068294015}, {"x": 0.988203, "y": 0.0068294015}, {"x": 0.988203, "y": 0.8159185}, {"x": 0.0058272923, "y": 0.8159185}]}}]}