{"localized_object_annotations": [{"mid": "/m/0jbk", "name": "Animal", "score": 0.57446593, "bounding_poly": {"normalized_vertices": [{"x": 0.14361744, "y": 0.46179572}, {"x": 0.24386023, "y": 0.46179572}, {"x": 0.24386023, "y": 0.5552167}, {"x": 0.14361744, "y": 0.5552167}]}}]}