{"localized_object_annotations": [{"mid": "/m/054_l", "name": "Mirror", "score": 0.51493794, "bounding_poly": {"normalized_vertices": [{"x": 0.007039139, "y": 0.12766889}, {"x": 0.9906741, "y": 0.12766889}, {"x": 0.9906741, "y": 0.98817956}, {"x": 0.007039139, "y": 0.98817956}]}}]}