{"localized_object_annotations": [{"mid": "/m/02dgv", "name": "Door", "score": 0.67863923, "bounding_poly": {"normalized_vertices": [{"x": 0.4486971, "y": 0.4616556}, {"x": 0.63158065, "y": 0.4616556}, {"x": 0.63158065, "y": 0.87173533}, {"x": 0.4486971, "y": 0.87173533}]}}]}