{"localized_object_annotations": [{"mid": "/m/01bjv", "name": "Bus", "score": 0.8548259, "bounding_poly": {"normalized_vertices": [{"x": 0.0070143486, "y": 0.067622}, {"x": 0.45566487, "y": 0.067622}, {"x": 0.45566487, "y": 0.3622317}, {"x": 0.0070143486, "y": 0.3622317}]}}]}