{"localized_object_annotations": [{"mid": "/m/04bcr3", "name": "Table", "score": 0.51170176, "bounding_poly": {"normalized_vertices": [{"x": 0.006756784, "y": 0.062114988}, {"x": 0.9888436, "y": 0.062114988}, {"x": 0.9888436, "y": 0.8721908}, {"x": 0.006756784, "y": 0.8721908}]}}]}