{"localized_object_annotations": [{"mid": "/m/05s2s", "name": "Plant", "score": 0.58812964, "bounding_poly": {"normalized_vertices": [{"x": 0.38819715, "y": 0.6066279}, {"x": 0.693603, "y": 0.6066279}, {"x": 0.693603, "y": 0.97656006}, {"x": 0.38819715, "y": 0.97656006}]}}]}