{"localized_object_annotations": [{"mid": "/m/01mzpv", "name": "Chair", "score": 0.58203965, "bounding_poly": {"normalized_vertices": [{"x": 0.599296, "y": 0.45998117}, {"x": 0.7854352, "y": 0.45998117}, {"x": 0.7854352, "y": 0.72054553}, {"x": 0.599296, "y": 0.72054553}]}}]}