{"localized_object_annotations": [{"mid": "/m/03fp41", "name": "Houseplant", "score": 0.5969733, "bounding_poly": {"normalized_vertices": [{"x": 0.13349585, "y": 0.48262408}, {"x": 0.5729237, "y": 0.48262408}, {"x": 0.5729237, "y": 0.9377087}, {"x": 0.13349585, "y": 0.9377087}]}}]}