{"localized_object_annotations": [{"mid": "/m/01g317", "name": "Person", "score": 0.69928885, "bounding_poly": {"normalized_vertices": [{"x": 0.86472696, "y": 0.4243984}, {"x": 0.9159923, "y": 0.4243984}, {"x": 0.9159923, "y": 0.6110369}, {"x": 0.86472696, "y": 0.6110369}]}}]}