{"localized_object_annotations": [{"mid": "/m/0c9ph5", "name": "Flower", "score": 0.55383396, "bounding_poly": {"normalized_vertices": [{"x": 0.075273104, "y": 0.40930924}, {"x": 0.9332947, "y": 0.40930924}, {"x": 0.9332947, "y": 0.81304246}, {"x": 0.075273104, "y": 0.81304246}]}}]}