{"localized_object_annotations": [{"mid": "/j/5qg9b8", "name": "Packaged goods", "score": 0.71439224, "bounding_poly": {"normalized_vertices": [{"x": 0.0067137126, "y": 0.021981336}, {"x": 0.98949647, "y": 0.021981336}, {"x": 0.98949647, "y": 0.99090034}, {"x": 0.0067137126, "y": 0.99090034}]}}]}