{"localized_object_annotations": [{"mid": "/m/0jbk", "name": "Animal", "score": 0.62016624, "bounding_poly": {"normalized_vertices": [{"x": 0.39320603, "y": 0.23609437}, {"x": 0.69675326, "y": 0.23609437}, {"x": 0.69675326, "y": 0.3839291}, {"x": 0.39320603, "y": 0.3839291}]}}]}