{"localized_object_annotations": [{"mid": "/m/02h19r", "name": "Scarf", "score": 0.8760765, "bounding_poly": {"normalized_vertices": [{"x": 0.044664174, "y": 0.00787262}, {"x": 0.96410716, "y": 0.00787262}, {"x": 0.96410716, "y": 0.95255977}, {"x": 0.044664174, "y": 0.95255977}]}}]}