{"localized_object_annotations": [{"mid": "/m/019sc6", "name": "Lighting", "score": 0.810888, "bounding_poly": {"normalized_vertices": [{"x": 0.34667337, "y": 0.06867681}, {"x": 0.6685417, "y": 0.06867681}, {"x": 0.6685417, "y": 0.893734}, {"x": 0.34667337, "y": 0.893734}]}}]}