{"localized_object_annotations": [{"mid": "/m/01g317", "name": "Person", "score": 0.88756245, "bounding_poly": {"normalized_vertices": [{"x": 0.90112203, "y": 0.75020796}, {"x": 0.96008015, "y": 0.75020796}, {"x": 0.96008015, "y": 0.9737656}, {"x": 0.90112203, "y": 0.9737656}]}}]}