{"localized_object_annotations": [{"mid": "/m/0c9ph5", "name": "Flower", "score": 0.75426733, "bounding_poly": {"normalized_vertices": [{"x": 0.26862693, "y": 0.22532928}, {"x": 0.7296961, "y": 0.22532928}, {"x": 0.7296961, "y": 0.8541855}, {"x": 0.26862693, "y": 0.8541855}]}}]}