{"localized_object_annotations": [{"mid": "/m/0c9ph5", "name": "Flower", "score": 0.907339, "bounding_poly": {"normalized_vertices": [{"x": 0.13218915, "y": 0.04319833}, {"x": 0.9769163, "y": 0.04319833}, {"x": 0.9769163, "y": 0.88814884}, {"x": 0.13218915, "y": 0.88814884}]}}]}