{"localized_object_annotations": [{"mid": "/m/0c9ph5", "name": "Flower", "score": 0.69573385, "bounding_poly": {"normalized_vertices": [{"x": 0.011080035, "y": 0.009644539}, {"x": 0.98547196, "y": 0.009644539}, {"x": 0.98547196, "y": 0.78488797}, {"x": 0.011080035, "y": 0.78488797}]}}]}