{"localized_object_annotations": [{"mid": "/m/054_l", "name": "Mirror", "score": 0.57438326, "bounding_poly": {"normalized_vertices": [{"x": 0.00035425913, "y": 0.07906093}, {"x": 0.99201196, "y": 0.07906093}, {"x": 0.99201196, "y": 0.9836299}, {"x": 0.00035425913, "y": 0.9836299}]}}]}