{"localized_object_annotations": [{"mid": "/m/01mzpv", "name": "Chair", "score": 0.76848716, "bounding_poly": {"normalized_vertices": [{"x": 0.25421163, "y": 0.48445848}, {"x": 0.3531132, "y": 0.48445848}, {"x": 0.3531132, "y": 0.6879961}, {"x": 0.25421163, "y": 0.6879961}]}}]}