{"localized_object_annotations": [{"mid": "/m/0fm3zh", "name": "Flowerpot", "score": 0.9157955, "bounding_poly": {"normalized_vertices": [{"x": 0.23920041, "y": 0.6011161}, {"x": 0.72281957, "y": 0.6011161}, {"x": 0.72281957, "y": 0.8957756}, {"x": 0.23920041, "y": 0.8957756}]}}]}