{"localized_object_annotations": [{"mid": "/m/05s2s", "name": "Plant", "score": 0.5266825, "bounding_poly": {"normalized_vertices": [{"x": 0.14069952, "y": 0.19924323}, {"x": 0.37887692, "y": 0.19924323}, {"x": 0.37887692, "y": 0.47867727}, {"x": 0.14069952, "y": 0.47867727}]}}]}