{"localized_object_annotations": [{"mid": "/m/0c_jw", "name": "Furniture", "score": 0.5384528, "bounding_poly": {"normalized_vertices": [{"x": 0.68236774, "y": 0.46540833}, {"x": 0.8883435, "y": 0.46540833}, {"x": 0.8883435, "y": 0.64935315}, {"x": 0.68236774, "y": 0.64935315}]}}]}