{"localized_object_annotations": [{"mid": "/m/0jbk", "name": "Animal", "score": 0.5669919, "bounding_poly": {"normalized_vertices": [{"x": 0.83289045, "y": 0.06298045}, {"x": 0.9422222, "y": 0.06298045}, {"x": 0.9422222, "y": 0.15491705}, {"x": 0.83289045, "y": 0.15491705}]}}]}