{"localized_object_annotations": [{"mid": "/m/0fm3zh", "name": "Flowerpot", "score": 0.8543442, "bounding_poly": {"normalized_vertices": [{"x": 0.4433738, "y": 0.293127}, {"x": 0.5895722, "y": 0.293127}, {"x": 0.5895722, "y": 0.41165468}, {"x": 0.4433738, "y": 0.41165468}]}}]}